task,model,MAE,RMSE,sMAPE_pct,directional_accuracy,PR_AUC,ROC_AUC,F1,recall
regression,naive_last,4536.375940563726,5991.671808048118,9.687553820511278,0.014705882352941176,,,,
regression,seasonal_naive,8987.066960784314,11619.526247476819,19.74092261003497,0.5189950980392157,,,,
regression,ML_price_only,4921.47234017185,6436.014923658681,10.368598491836817,0.5459558823529411,,,,
regression,ML_price_weather,4620.82617432553,6202.947472409873,9.780423914408676,0.5698529411764706,,,,
regression,ML_price_weather_spatial,4696.022956119408,6232.028246828451,9.939348390052418,0.5655637254901961,,,,
classification,spike_price_only,,,,,0.2560283828358574,0.5091953217062066,0.28295254833040423,0.46938775510204084
classification,spike_multimodal,,,,,0.29672539950774734,0.5528275812153521,0.3255411255411255,0.5481049562682215
